{"cameraMode":{"drawMode":0,"name":"Shaded","section":"Shading Mode"},"sceneLighting":true,"audioPlay":false,"sceneViewState":{"m_AlwaysRefresh":false,"showFog":true,"showSkybox":true,"showFlares":true,"showImageEffects":true,"showParticleSystems":true,"showVisualEffectGraphs":true,"m_FxEnabled":true},"in2DMode":false,"pivot":{"x":-0.6326339840888977,"y":1.9806921482086182,"z":0.11535701900720597},"rotation":{"x":-0.011104382574558258,"y":0.6207819581031799,"z":0.00867798738181591,"w":0.7840522527694702},"size":0.19201834499835969,"orthographic":false}