{"cameraMode":{"drawMode":0,"name":"Shaded","section":"Shading Mode"},"sceneLighting":true,"audioPlay":false,"sceneViewState":{"m_AlwaysRefresh":false,"showFog":true,"showSkybox":true,"showFlares":true,"showImageEffects":true,"showParticleSystems":true,"showVisualEffectGraphs":true,"m_FxEnabled":true},"in2DMode":false,"pivot":{"x":-0.32768481969833376,"y":0.819919764995575,"z":-7.041794300079346},"rotation":{"x":-0.03666282072663307,"y":0.11366558074951172,"z":-0.004212109837681055,"w":-0.992883026599884},"size":1.953079342842102,"orthographic":false}